<?xml version="1.0" encoding="UTF-8"?>
<addon id="skin.estouchyminimod" version="0.2.4" name="EstouchyMiniMod" provider-name="ping">
	<requires>
		<import addon="xbmc.gui" version="5.12.0"/>
	</requires>
	<extension point="xbmc.gui.skin" debugging="false">
		<res width="1280" height="960" aspect="4:3" folder="xml"/>
		<res width="1706" height="960" aspect="16:9" default="true" folder="xml"/>
	</extension>
	<extension point="xbmc.addon.metadata">
		<summary lang="en_GB">Skin for small touchscreen devices</summary>
		<description lang="en_GB">Skin designed to be used on small touchscreen devices like smartphones</description>
		<platform>all</platform>
		<license>Creative Commons Attribution-Share Alike 3.0 United States</license>
		<website></website>
		<email></email>
		<source>https://github.com/ping/xbmc/</source>
		<assets>
			<icon>resources/icon.png</icon>
			<fanart>resources/fanart.jpg</fanart>
			<screenshot>resources/screenshot-01.jpg</screenshot>
			<screenshot>resources/screenshot-02.jpg</screenshot>
			<screenshot>resources/screenshot-03.jpg</screenshot>
			<screenshot>resources/screenshot-04.jpg</screenshot>
			<screenshot>resources/screenshot-05.jpg</screenshot>
			<screenshot>resources/screenshot-06.jpg</screenshot>
			<screenshot>resources/screenshot-07.jpg</screenshot>
			<screenshot>resources/screenshot-08.jpg</screenshot>
			<screenshot>resources/screenshot-09.jpg</screenshot>
			<screenshot>resources/screenshot-10.jpg</screenshot>
			<screenshot>resources/screenshot-11.jpg</screenshot>
			<screenshot>resources/screenshot-12.jpg</screenshot>
		</assets>
	</extension>
</addon>
