<?xml version="1.0" encoding="UTF-8"?>
<addon id="repository.ping.kodirepo" name="ping/kodirepo Repository" version="1.0.0" provider-name="ping">
    <extension point="xbmc.addon.repository">
        
        <dir minversion="17.9.0">
            <info compressed="false">https://ping.github.io/kodirepo/master/addons.xml</info>
            <checksum>https://ping.github.io/kodirepo/master/addons.xml.md5</checksum>
            <datadir zip="true">https://ping.github.io/kodirepo/master/datadir/</datadir>
        </dir>

        <dir minversion="17.0.0">
            <info compressed="false">https://ping.github.io/kodirepo/krypton/addons.xml</info>
            <checksum>https://ping.github.io/kodirepo/krypton/addons.xml.md5</checksum>
            <datadir zip="true">https://ping.github.io/kodirepo/krypton/datadir/</datadir>
        </dir>

    </extension>
    <extension point="xbmc.addon.metadata">
        <summary lang="en_GB">A personal Kodi addon repository from https://github.com/ping/kodirepo</summary>
        <description lang="en_GB"></description>
        <language></language>
        <platform>all</platform>
        <license>GPL-3.0</license>
        <forum></forum>
        <source></source>
        <news></news>
        <disclaimer></disclaimer>
        <assets>
            <icon></icon>
            <fanart></fanart>
        </assets>
    </extension>
</addon>