<?xml version="1.0" encoding="UTF-8"?>
<window>
	<visible>[Window.IsActive(FullscreenVideo) | Window.IsActive(Visualisation)] + ![Window.IsActive(VideoOSD) | Window.IsActive(MusicOSD)] + [Player.Seeking | Player.DisplayAfterSeek]</visible>
	<controls>
		<control type="group">
			<posx>214</posx>
			<posy>10</posy>
			<include>16x9_xPos_Relocation</include>
			<include>VisibleFadeEffect</include>
			<control type="label">
				<posx>0</posx>
				<posy>0</posy>
				<width>180</width>
				<height>32</height>
				<font>font20_title</font>
				<aligny>center</aligny>
				<label>$INFO[Player.Time(hh:mm:ss)]</label>
			</control>
			<control type="label">
				<posx>0</posx>
				<posy>0</posy>
				<width>1052</width>
				<height>32</height>
				<font>font20_title</font>
				<align>center</align>
				<aligny>center</aligny>
				<label>$VAR[SeekLabel]</label>
			</control>
			<control type="label">
				<posx>1052</posx>
				<posy>0</posy>
				<width>180</width>
				<height>32</height>
				<font>font20_title</font>
				<align>right</align>
				<aligny>center</aligny>
				<label>$INFO[Player.Duration(hh:mm:ss)]</label>
			</control>
			<control type="progress">
				<description>Progressbar</description>
				<posx>0</posx>
				<posy>40</posy>
				<width>1052</width>
				<height>15</height>
				<info>Player.ProgressCache</info>
				<midtexture colordiffuse="grey2">white.png</midtexture>
				<texturebg colordiffuse="grey3">white.png</texturebg>
			</control>
			<control type="progress">
				<description>Progressbar</description>
				<posx>0</posx>
				<posy>40</posy>
				<width>1052</width>
				<height>15</height>
				<info>Player.Progress</info>
				<texturebg colordiffuse="002C2C2C">white.png</texturebg>
			</control>
			<control type="slider" id="87">
				<description>Seek Slider</description>
				<posx>0</posx>
				<posy>30</posy>
				<width>1052</width>
				<height>32</height>
				<action>seek</action>
				<texturesliderbar></texturesliderbar>
				<textureslidernib></textureslidernib>
				<textureslidernibfocus></textureslidernibfocus>
			</control>
		</control>
	</controls>
</window>
