<?xml version="1.0" encoding="UTF-8"?>
<window>
	<defaultcontrol always="true">450</defaultcontrol>
	<include>16x9_xPos_Relocation</include>
	<include>Window_OpenClose_Animation_Zoom</include>
	<coordinates>
		<posx>280</posx>
		<posy>90</posy>
	</coordinates>
	<controls>
		<include>BehindDialogFadeOut</include>
		<control type="image">
			<posx>0</posx>
			<posy>0</posy>
			<width>720</width>
			<height>60</height>
			<texture border="5">dialog_header.png</texture>
		</control>
		<control type="image">
			<posx>0</posx>
			<posy>60</posy>
			<width>720</width>
			<height>720</height>
			<texture>dialog_back.png</texture>
		</control>
		<control type="label">
			<description>header label</description>
			<posx>20</posx>
			<posy>0</posy>
			<include>WindowTitleCommons</include>
			<width>600</width>
			<label>$LOCALIZE[1036]</label>
		</control>
		<control type="group">
			<posx>650</posx>
			<posy>0</posy>
			<include>DialogCloseButtonCommons</include>
		</control>
		<control type="image">
			<posx>0</posx>
			<posy>60</posy>
			<width>670</width>
			<height>720</height>
			<texture colordiffuse="40000000">panel.png</texture>
		</control>
		<control type="list" id="450">
			<posx>0</posx>
			<posy>60</posy>
			<width>670</width>
			<height>720</height>
			<onup>450</onup>
			<onleft>450</onleft>
			<onright>450</onright>
			<ondown>450</ondown>
			<pagecontrol>60</pagecontrol>
			<scrolltime>200</scrolltime>
			<itemlayout width="670" height="100">
				<control type="label">
					<posx>20</posx>
					<posy>0</posy>
					<width>570</width>
					<height>100</height>
					<font>font40</font>
					<align>left</align>
					<aligny>center</aligny>
					<selectedcolor>selected</selectedcolor>
					<label>$INFO[ListItem.Label]</label>
				</control>
				<control type="image">
					<posx>575</posx>
					<posy>5</posy>
					<width>90</width>
					<height>90</height>
					<aspectratio align="right">keep</aspectratio>
					<texture>$INFO[ListItem.Icon]</texture>
				</control>
			</itemlayout>
			<focusedlayout width="670" height="100">
				<control type="image">
					<posx>0</posx>
					<posy>0</posy>
					<width>670</width>
					<height>100</height>
					<texture>list_focus.png</texture>
				</control>
				<control type="label">
					<posx>20</posx>
					<posy>0</posy>
					<width>570</width>
					<height>100</height>
					<font>font40</font>
					<align>left</align>
					<aligny>center</aligny>
					<selectedcolor>selected</selectedcolor>
					<label>$INFO[ListItem.Label]</label>
				</control>
				<control type="image">
					<posx>575</posx>
					<posy>5</posy>
					<width>90</width>
					<height>90</height>
					<aspectratio align="right">keep</aspectratio>
					<texture>$INFO[ListItem.Icon]</texture>
				</control>
			</focusedlayout>
		</control>
		<control type="scrollbar" id="60">
			<posx>682</posx>
			<posy>90</posy>
			<width>26</width>
			<height>660</height>
			<texturesliderbackground colordiffuse="30FFFFFF">white.png</texturesliderbackground>
			<texturesliderbar colordiffuse="grey">white.png</texturesliderbar>
			<texturesliderbarfocus colordiffuse="blue">white.png</texturesliderbarfocus>
			<textureslidernib>blank.png</textureslidernib>
			<textureslidernibfocus>blank.png</textureslidernibfocus>
			<onleft>3</onleft>
			<onright>3</onright>
			<ondown>60</ondown>
			<onup>60</onup>
			<showonepage>false</showonepage>
			<orientation>vertical</orientation>
			<animation effect="fade" time="150">Visible</animation>
			<animation effect="fade" time="150">Hidden</animation>
		</control>
	</controls>
</window>
