<?xml version="1.0" encoding="UTF-8"?>
<window>
	<include>dialogeffect</include>
	<controls>
		<control type="group">
			<posx>390</posx>
			<posy>0</posy>
			<width>578</width>
			<height>98</height>
			<include>16x9_xPos_Relocation</include>
			<control type="image" id="400">
				<description>Icon</description>
				<posx>20</posx>
				<posy>10</posy>
				<width>58</width>
				<height>58</height>
				<aspectratio>keep</aspectratio>
			</control>
			<control type="fadelabel" id="401">
				<description>Line 1 Label</description>
				<posx>78</posx>
				<posy>20</posy>
				<width>500</width>
				<height>28</height>
				<font>font28_title</font>
				<align>center</align>
				<aligny>center</aligny>
				<scrollout>false</scrollout>
				<pauseatend>3000</pauseatend>
			</control>
			<control type="fadelabel" id="402">
				<description>Line 2 Label</description>
				<posx>78</posx>
				<posy>52</posy>
				<width>500</width>
				<height>42</height>
				<font>font40</font>
				<align>center</align>
				<aligny>center</aligny>
				<scrollout>false</scrollout>
				<pauseatend>3000</pauseatend>
			</control>
		</control>
	</controls>
</window>
