<?xml version="1.0" encoding="UTF-8"?>
<window>
	<defaultcontrol>1000</defaultcontrol>
	<include>dialogeffect</include>
	<coordinates>
		<posx>0</posx>
		<posy>-30</posy>
	</coordinates>
	<controls>
		<include>BehindDialogFadeOut</include>
		<control type="image">
			<posx>0</posx>
			<posy>0</posy>
			<width>500</width>
			<height>60</height>
			<texture border="5">dialog_header.png</texture>
		</control>
		<control type="label">
			<description>header label</description>
			<posx>20</posx>
			<posy>0</posy>
			<include>WindowTitleCommons</include>
			<width>400</width>
			<label>$LOCALIZE[31007]</label>
		</control>
		<control type="image" id="999">
			<description>background image</description>
			<posx>0</posx>
			<posy>60</posy>
			<width>500</width>
			<height>700</height>
			<texture>dialog_back.png</texture>
		</control>
		<control type="group">
			<posx>430</posx>
			<posy>0</posy>
			<include>DialogCloseButtonCommons</include>
		</control>
		<control type="grouplist" id="996">
			<description>grouplist for context buttons</description>
			<posx>0</posx>
			<posy>60</posy>
			<width>500</width>
			<height max="700">auto</height>
			<itemgap>0</itemgap>
		</control>
		<control type="button" id="1000">
			<description>button template</description>
			<posx>0</posx>
			<posy></posy>
			<width>500</width>
			<height>90</height>
			<font>font40</font>
			<align>center</align>
			<texturefocus>list_focus.png</texturefocus>
			<texturenofocus></texturenofocus>
		</control>
	</controls>
</window>
